last_name, first_name,player_id,year,player_age,b_ab,b_total_pa,b_total_hits,b_single,b_double,b_triple,b_home_run,b_strikeout,b_walk,b_k_percent,b_bb_percent,batting_avg,slg_percent,on_base_percent,on_base_plus_slg,xba,xslg,woba,xwoba,xobp,xiso,exit_velocity_avg,launch_angle_avg,sweet_spot_percent,barrel_batted_rate,whiff_percent,
Pujols, Albert,405395,2021,41,130,140,26,16,2,0,8,22,6,15.7,4.3,.200,.400,.257,.657,.250,.474,.284,.330,.303,.224,91,15.8,31.5,9.3,20.6,
Cabrera, Miguel,408234,2021,38,149,165,30,23,2,0,5,38,14,23.0,8.5,.201,.315,.273,.588,.220,.395,.257,.301,.291,.174,89.6,9.3,26.3,8.8,23.7,
Molina, Yadier,425877,2021,39,148,159,41,23,11,0,7,33,9,20.8,5.7,.277,.493,.314,.808,.286,.511,.344,.354,.324,.225,89.8,17.1,36.8,9.4,30.6,
Suzuki, Kurt,435559,2021,38,88,100,18,14,3,0,1,19,6,19.0,6.0,.205,.273,.270,.543,.192,.279,.250,.247,.265,.087,84.4,12.9,27.8,2.8,20.1,
Cruz Jr., Nelson,443558,2021,41,171,198,48,30,7,1,10,40,19,20.2,9.6,.281,.509,.354,.862,.255,.515,.365,.373,.342,.260,92.3,10.1,27.5,15.2,31.5,
Peralta, David,444482,2021,34,204,220,50,29,12,5,4,38,16,17.3,7.3,.245,.412,.300,.712,.235,.342,.307,.279,.294,.107,88.8,4.3,25.9,5.4,23.2,
Pina, Manny,444489,2021,34,53,64,9,4,1,0,4,11,10,17.2,15.6,.170,.415,.297,.712,.231,.467,.311,.352,.348,.236,86.4,13.3,25.6,11.6,23.2,
Longoria, Evan,446334,2021,36,161,186,45,25,11,0,9,42,25,22.6,13.4,.280,.516,.376,.892,.300,.600,.382,.414,.394,.300,95.9,15.7,40.3,15.1,27.3,
Cabrera, Asdrubal,452678,2021,36,115,137,33,20,9,0,4,26,19,19.0,13.9,.287,.470,.387,.856,.251,.435,.370,.347,.361,.184,88.8,18.1,30.8,9.9,22.4,
Blackmon, Charlie,453568,2021,35,179,208,48,32,11,1,4,25,23,12.0,11.1,.268,.408,.370,.778,.310,.497,.345,.392,.406,.187,89,10.8,33.1,7.8,18.2,
Maldonado, Martin,455117,2021,35,144,159,23,15,3,1,4,50,13,31.4,8.2,.160,.278,.239,.517,.192,.299,.234,.255,.268,.108,88.2,18,33,4.3,30.1,
Cain, Lorenzo,456715,2021,35,103,118,23,16,4,0,3,24,14,20.3,11.9,.223,.350,.322,.672,.244,.405,.303,.329,.340,.161,88.5,8.2,35.4,6.3,26.3,
Solano, Donovan,456781,2021,34,96,107,26,19,5,0,2,21,6,19.6,5.6,.271,.385,.308,.694,.252,.395,.299,.295,.294,.143,87,11.7,40.5,6.3,17.8,
McCutchen, Andrew,457705,2021,35,183,221,40,23,6,1,10,58,33,26.2,14.9,.219,.426,.335,.761,.245,.439,.333,.349,.359,.193,89.1,9.9,34.1,7.8,29.6,
Upton, Justin,457708,2021,34,169,192,37,20,5,0,12,60,20,31.3,10.4,.219,.462,.302,.764,.231,.469,.329,.337,.314,.238,92.5,17.7,31.5,14.4,33.7,
Turner, Justin,457759,2021,37,200,233,53,35,9,0,9,48,30,20.6,12.9,.265,.445,.361,.806,.253,.463,.353,.354,.353,.210,91.8,19.8,39.6,9.7,20.2,
Posey III, Buster,457763,2021,34,140,159,45,30,5,0,10,27,18,17.0,11.3,.321,.571,.403,.974,.297,.540,.413,.388,.381,.243,89.4,7.8,40.7,9.7,22.6,
Votto, Joey,458015,2021,38,106,118,24,13,6,0,5,25,11,21.2,9.3,.226,.425,.305,.730,.273,.541,.319,.377,.347,.268,92.6,13.5,37,12.3,32.2,
Gardner, Brett,458731,2021,38,122,141,22,17,4,1,0,38,15,27.0,10.6,.180,.230,.270,.499,.197,.284,.252,.262,.287,.087,86.6,14.4,26.7,4.4,23.9,
Joyce, Matt,459964,2021,37,45,57,5,2,1,0,2,11,10,19.3,17.5,.111,.267,.281,.547,.187,.355,.243,.300,.341,.169,86.7,17,25.7,11.4,30.6,
Andrus, Elvis,462101,2021,33,183,197,38,29,8,1,0,34,12,17.3,6.1,.208,.262,.254,.516,.244,.331,.229,.274,.290,.086,87.2,7.6,31.8,2,21,
Sandoval, Pablo,467055,2021,35,50,58,12,8,0,0,4,18,7,31.0,12.1,.240,.480,.345,.825,.207,.432,.359,.326,.316,.226,95.8,15.8,40.6,12.5,33.3,
Ramos, Wilson,467092,2021,34,120,128,24,13,5,0,6,29,6,22.7,4.7,.200,.392,.234,.626,.233,.409,.272,.291,.270,.176,90,7.7,30.8,9.9,28,
Santana, Carlos,467793,2021,35,186,234,46,32,4,0,10,35,42,15.0,17.9,.247,.430,.385,.815,.245,.493,.359,.378,.385,.248,90,14.6,27.8,10.1,24.1,
Belt, Brandon,474832,2021,33,114,137,26,14,4,0,8,46,21,33.6,15.3,.228,.474,.350,.824,.207,.450,.358,.348,.339,.243,90.1,22.4,36.2,18.8,31.4,
Zimmerman, Ryan,475582,2021,37,92,96,29,16,7,0,6,26,4,27.1,4.2,.315,.587,.344,.931,.244,.440,.380,.304,.274,.196,91,9.7,31.9,10.1,29.2,
Lowrie, Jed,476704,2021,37,199,223,50,31,15,0,4,45,24,20.2,10.8,.251,.387,.332,.719,.271,.482,.317,.356,.349,.212,90.8,16.7,37,9.7,21.9,
Avila, Alex,488671,2021,34,44,56,7,1,5,1,0,17,11,30.4,19.6,.159,.318,.339,.657,.162,.261,.299,.282,.330,.099,89.1,10.4,39.3,7.1,37,
Brantley Jr., Michael,488726,2021,34,167,179,51,33,14,1,3,22,10,12.3,5.6,.305,.455,.346,.801,.343,.526,.347,.395,.386,.182,90.8,9.4,47.9,7.5,10.9,
Castro, Jason,488771,2021,34,48,59,13,7,4,0,2,17,9,28.8,15.3,.271,.479,.390,.869,.254,.511,.384,.382,.382,.257,91.5,14.1,46.9,15.6,38.5,
Gurriel, Yuli,493329,2021,37,190,220,58,35,16,0,7,21,24,9.5,10.9,.305,.500,.377,.877,.278,.432,.385,.341,.355,.153,90.3,14.8,34.3,4.5,14.7,
Rojas, Miguel,500743,2021,32,171,192,47,28,14,2,3,28,17,14.6,8.9,.275,.433,.354,.787,.246,.368,.345,.310,.329,.122,87.6,12.7,33.6,2.8,21.9,
Escobar, Eduardo,500871,2021,32,231,246,55,32,8,1,14,56,14,22.8,5.7,.238,.463,.280,.744,.238,.455,.325,.316,.286,.217,88.6,20.2,34.6,9.5,25.9,
Adrianza, Ehire,501303,2021,32,85,96,19,12,3,1,3,18,7,18.8,7.3,.224,.388,.271,.659,.248,.362,.279,.299,.307,.114,84.5,13.9,35.6,1.4,19.3,
Lagares, Juan,501571,2021,32,81,84,18,11,6,1,0,20,3,23.8,3.6,.222,.321,.250,.571,.256,.366,.249,.282,.283,.110,91.5,7.4,34.4,8.2,23.8,
Davis, Khris,501981,2021,34,51,61,8,4,1,1,2,16,8,26.2,13.1,.157,.333,.262,.596,.203,.382,.263,.323,.318,.179,90.2,12.2,29.7,10.8,36.8,
Pham, Tommy,502054,2021,33,163,199,36,28,2,2,4,42,32,21.1,16.1,.221,.331,.352,.683,.250,.442,.313,.362,.379,.192,89.7,8.7,35,11.4,26.9,
Martinez, J.D.,502110,2021,34,204,229,65,39,14,0,12,47,23,20.5,10.0,.319,.564,.389,.952,.305,.560,.407,.395,.376,.255,92,15.1,41,11.2,29.5,
Reddick, Josh,502210,2021,34,52,54,19,11,8,0,0,9,2,16.7,3.7,.365,.519,.389,.908,.296,.387,.359,.307,.320,.091,86.7,15.8,37,2.2,18.8,
Goldschmidt, Paul,502671,2021,34,219,242,53,33,12,1,7,56,21,23.1,8.7,.242,.402,.310,.712,.264,.499,.312,.353,.330,.235,92.7,19.4,33.5,11,26.4,
Gonzalez, Marwin,503556,2021,32,154,175,31,18,12,0,1,41,13,23.4,7.4,.201,.299,.291,.590,.245,.378,.269,.316,.331,.133,89.2,10.9,35.1,5.3,21.9,
Leon, Sandy,506702,2021,32,86,95,16,13,2,0,1,25,5,26.3,5.3,.186,.244,.242,.486,.186,.304,.221,.240,.242,.118,88.3,24.1,27,3.2,26.1,
Altuve, Jose,514888,2021,31,189,216,59,45,6,0,8,29,22,13.4,10.2,.312,.471,.380,.851,.288,.472,.359,.359,.363,.184,88.4,13.3,34.7,7.2,20.2,
Hernandez, Cesar,514917,2021,31,217,242,48,30,8,1,9,49,24,20.2,9.9,.221,.392,.302,.693,.264,.459,.305,.346,.340,.195,89.7,12.9,35.1,9.5,21.9,
Segura, Jean,516416,2021,31,156,169,50,37,9,1,3,23,10,13.6,5.9,.321,.449,.367,.816,.266,.382,.354,.311,.319,.117,88,1.8,28.4,5.2,19.2,
Castro, Starlin,516770,2021,31,202,221,51,41,8,0,2,43,16,19.5,7.2,.252,.322,.303,.625,.245,.371,.276,.298,.302,.126,87.4,6.5,28,5.5,22.7,
Marte, Starling,516782,2021,33,76,92,23,14,5,1,3,20,12,21.7,13.0,.303,.513,.413,.926,.281,.477,.394,.380,.394,.196,89.1,7.3,39,10.2,25.8,
Culberson, Charlie,518586,2021,32,119,129,27,17,6,1,3,34,7,26.4,5.4,.227,.370,.264,.633,.211,.309,.276,.246,.254,.099,85.4,11.6,33,3.4,34,
d'Arnaud, Travis,518595,2021,32,82,87,18,12,4,0,2,20,4,23.0,4.6,.220,.341,.253,.594,.259,.445,.259,.313,.291,.186,90.6,8.5,33.3,9.5,25.7,
Donaldson, Josh,518626,2021,36,154,185,37,22,10,0,5,29,26,15.7,14.1,.240,.403,.346,.749,.282,.540,.349,.388,.379,.258,92.7,12.6,27.8,15.8,24.7,
Freeman, Freddie,518692,2021,32,198,238,47,28,6,0,13,41,38,17.2,16.0,.237,.465,.366,.830,.293,.573,.348,.409,.410,.280,92,13.7,37.5,12.5,23,
Grandal, Yasmani,518735,2021,33,104,152,16,6,2,0,8,41,45,27.0,29.6,.154,.404,.401,.805,.200,.467,.373,.400,.434,.267,93.6,14.5,29,15.9,30,
Heyward, Jason,518792,2021,32,130,142,23,12,6,1,4,35,11,24.6,7.7,.177,.331,.246,.577,.219,.371,.255,.291,.285,.152,89.1,8.2,28.4,7.4,27.5,
LeMahieu, DJ,518934,2021,33,212,241,55,46,6,0,3,42,26,17.4,10.8,.259,.330,.340,.670,.274,.384,.300,.331,.355,.110,89.7,4.7,31.4,2.9,19,
Moreland, Mitch,519048,2021,36,113,126,27,18,4,0,5,28,10,22.2,7.9,.239,.407,.302,.709,.224,.352,.308,.282,.289,.127,89.1,11,26.4,4.6,28.4,
Moustakas, Mike,519058,2021,33,87,104,21,12,5,0,4,18,12,17.3,11.5,.241,.437,.337,.773,.207,.323,.335,.296,.316,.116,86.5,16.5,30.6,4.2,26,
Rizzo, Anthony,519203,2021,32,179,211,46,28,11,2,5,25,26,11.8,12.3,.257,.425,.355,.780,.274,.439,.339,.354,.373,.165,90.7,14.2,32.5,7.6,18.8,
Sogard, Eric,519299,2021,35,106,116,26,21,3,1,1,21,8,18.1,6.9,.245,.321,.293,.614,.187,.269,.268,.231,.244,.081,84.8,9.4,26.4,1.1,11.2,
Stanton, Giancarlo,519317,2021,32,154,171,39,24,6,0,9,51,17,29.8,9.9,.253,.468,.327,.795,.260,.489,.343,.351,.333,.230,98.6,8.6,25.2,17.5,37.2,
Vogt, Stephen,519390,2021,37,85,97,16,7,4,1,4,24,12,24.7,12.4,.188,.400,.289,.689,.194,.358,.299,.288,.292,.165,88,21.6,32.8,4.9,31.6,
Galvis, Freddy,520471,2021,32,179,200,44,24,10,1,9,44,17,22.0,8.5,.246,.464,.315,.779,.211,.372,.335,.287,.286,.161,88.4,14.7,38,6.6,23.1,
Perez, Salvador,521692,2021,31,215,225,59,36,11,0,12,58,5,25.8,2.2,.274,.493,.302,.795,.285,.579,.352,.377,.314,.294,92.8,14.4,36.6,14.3,33.9,
Flores, Wilmer,527038,2021,30,121,137,30,21,5,1,3,20,14,14.6,10.2,.248,.380,.328,.709,.217,.341,.314,.285,.301,.125,87.4,17,30.4,3.9,15.8,
Garcia, Avisail,541645,2021,30,175,194,43,27,6,0,10,50,15,25.8,7.7,.246,.451,.314,.766,.272,.524,.339,.368,.342,.252,91.2,7.7,33.3,12.4,34.1,
Ozuna, Marcell,542303,2021,31,188,208,40,27,6,0,7,46,19,22.1,9.1,.213,.356,.288,.645,.268,.471,.287,.350,.339,.203,89.7,14.5,35.2,9.9,27.2,
Villar, Jonathan,542340,2021,30,137,155,34,23,5,1,5,36,17,23.2,11.0,.248,.409,.335,.744,.248,.442,.324,.334,.336,.194,88.1,9.9,30.7,8.9,28.1,
Aguilar, Jesus,542583,2021,31,189,212,50,30,9,0,11,39,18,18.4,8.5,.265,.487,.325,.812,.283,.495,.336,.351,.342,.212,89.4,18.3,36.7,8.2,25,
Berti, Jon,542932,2021,31,119,139,20,11,6,1,2,33,18,23.7,12.9,.168,.286,.281,.566,.220,.342,.267,.301,.322,.122,86.8,0.7,30.8,3.3,24.8,
Crawford, Brandon,543063,2021,34,164,188,43,22,9,0,12,45,21,23.9,11.2,.262,.537,.351,.888,.264,.550,.374,.376,.353,.286,90.2,13.2,40,15.8,32.8,
Cron, C.J.,543068,2021,31,138,162,37,24,7,1,5,41,20,25.3,12.3,.268,.442,.377,.819,.273,.470,.361,.371,.381,.196,89.9,13.4,41.2,9.3,31.3,
Dickerson, Alex,543105,2021,31,128,141,29,19,3,1,6,29,10,20.6,7.1,.227,.406,.298,.704,.285,.475,.309,.357,.351,.189,86.1,15.4,35.4,10.1,24.4,
Gomes, Yan,543228,2021,34,128,134,33,22,5,1,5,21,4,15.7,3.0,.258,.430,.291,.721,.313,.522,.303,.362,.343,.210,88.2,8.8,35.5,9.3,15.8,
Grossman, Robbie,543257,2021,32,199,244,45,28,9,2,6,59,37,24.2,15.2,.226,.382,.348,.730,.233,.406,.322,.338,.357,.173,88.5,20.5,45.3,8.1,23.7,
Harrison, Josh,543281,2021,34,162,182,43,32,7,0,4,22,13,12.1,7.1,.265,.383,.346,.729,.272,.437,.323,.347,.354,.164,86.4,15.3,37.8,4.9,19.5,
Hicks, Aaron,543305,2021,32,108,126,21,14,3,0,4,30,14,23.8,11.1,.194,.333,.294,.627,.242,.425,.281,.334,.339,.183,89.3,19.1,36.3,10,29.3,
Higashioka, Kyle,543309,2021,31,73,83,14,5,4,0,5,24,10,28.9,12.0,.192,.452,.289,.741,.212,.456,.309,.325,.304,.244,88.7,18.6,36.5,11.5,32.7,
Hosmer, Eric,543333,2021,32,194,212,53,40,8,0,5,31,15,14.6,7.1,.273,.392,.330,.722,.283,.404,.316,.326,.340,.121,91,2,23.2,4.3,22.5,
McCann, James,543510,2021,31,141,153,32,23,4,0,5,42,12,27.5,7.8,.227,.362,.288,.649,.230,.390,.287,.297,.290,.160,88.6,9.4,32.3,7.1,28.9,
Miller, Brad,543543,2021,32,114,125,31,22,3,1,5,43,11,34.4,8.8,.272,.447,.336,.783,.248,.390,.338,.305,.315,.142,91.6,11.8,28.2,8.5,36,
Nola, Austin,543592,2021,32,46,59,10,7,2,0,1,3,8,5.1,13.6,.217,.326,.373,.699,.243,.378,.325,.351,.393,.135,91.8,14,29.5,2.3,10.1,
Rendon, Anthony,543685,2021,31,139,156,32,23,6,0,3,24,15,15.4,9.6,.230,.338,.308,.646,.244,.377,.289,.307,.320,.133,89.8,20.4,30.2,4.3,15.9,
Semien, Marcus,543760,2021,31,224,250,67,40,13,1,13,62,25,24.8,10.0,.299,.540,.368,.908,.245,.453,.389,.335,.321,.208,90.5,20.9,38,8.6,25.1,
Shaw, Travis,543768,2021,31,169,192,33,20,7,0,6,48,19,25.0,9.9,.195,.343,.286,.630,.232,.406,.276,.317,.317,.174,87.5,19.6,28.6,7.9,22.4,
Vazquez, Christian,543877,2021,31,175,188,44,31,10,0,3,37,11,19.7,5.9,.251,.360,.293,.653,.240,.369,.286,.283,.282,.129,87.9,14.9,35.7,4.3,19,
Wong, Kolten,543939,2021,31,159,176,45,28,12,1,4,26,12,14.8,6.8,.283,.447,.347,.793,.268,.415,.340,.324,.332,.147,87.6,9.7,34.8,6.7,16.6,
Gregorius, Didi,544369,2021,31,118,128,27,19,4,0,4,26,5,20.3,3.9,.229,.364,.266,.630,.209,.292,.270,.234,.248,.084,84.5,20.7,28.4,2.1,26,
Garcia, Leury,544725,2021,30,148,166,34,27,6,1,0,40,12,24.1,7.2,.230,.284,.277,.561,.225,.312,.257,.265,.281,.086,85.7,2.9,26.7,3.4,27.1,
Grichuk, Randal,545341,2021,30,213,224,60,34,14,0,12,46,9,20.5,4.0,.282,.516,.313,.829,.264,.487,.354,.335,.297,.223,89.9,16.3,36.9,11.9,24.2,
Marisnick, Jake,545350,2021,30,53,60,14,5,3,2,4,19,5,31.7,8.3,.264,.623,.350,.973,.244,.446,.408,.338,.332,.202,87.3,18.4,44.1,14.7,28.5,
Trout, Mike,545361,2021,30,117,146,39,22,8,1,8,41,27,28.1,18.5,.333,.624,.466,1.090,.297,.574,.455,.421,.437,.276,91.9,12.9,38.2,18.4,27.5,
Herrera, Odubel,546318,2021,30,123,139,33,22,6,1,4,24,12,17.3,8.6,.268,.431,.338,.769,.261,.380,.337,.317,.335,.119,89.8,8.2,36,4,21.5,
Ruiz, Rio,547004,2021,27,90,101,15,9,3,0,3,29,9,28.7,8.9,.167,.300,.248,.548,.183,.299,.248,.254,.264,.116,86.6,12.3,27.4,4.8,30.5,
Harper, Bryce,547180,2021,29,138,166,38,23,8,0,7,46,25,27.7,15.1,.275,.486,.398,.883,.293,.605,.381,.424,.412,.312,91.2,11.8,42.4,17.4,35,
Perez, Roberto,547379,2021,33,61,73,8,4,1,0,3,28,11,38.4,15.1,.131,.295,.274,.569,.201,.378,.264,.319,.332,.177,91.5,2.5,27.3,12.1,37.2,
Abreu, Jose,547989,2021,34,191,224,49,30,7,1,11,56,22,25.0,9.8,.257,.476,.344,.820,.251,.507,.348,.368,.346,.256,92.3,8.3,28,11.9,33.3,
Diaz, Elias,553869,2021,31,92,101,13,10,2,0,1,24,8,23.8,7.9,.141,.196,.208,.404,.201,.307,.187,.256,.265,.106,88.1,11.5,31.9,4.3,27.1,
Narvaez, Omar,553882,2021,29,123,141,40,27,7,0,6,24,13,17.0,9.2,.325,.528,.404,.933,.294,.501,.397,.384,.383,.207,87.2,17,49,10.8,22.4,
Astudillo, Willians,553902,2021,30,106,109,28,20,4,0,4,8,0,7.3,0.0,.264,.415,.275,.690,.258,.393,.297,.284,.269,.135,85.1,19.7,31.3,5.1,8.9,
Suarez, Eugenio,553993,2021,30,212,235,34,15,6,0,13,74,18,31.5,7.7,.160,.373,.234,.607,.201,.435,.264,.304,.272,.234,86.8,16.1,28.6,14.3,32.7,
Polanco, Gregory,570256,2021,30,152,173,33,21,6,1,5,54,16,31.2,9.2,.217,.368,.283,.652,.214,.396,.278,.302,.292,.182,89,15.8,33.7,10.6,33,
Gonzalez, Erik,570481,2021,30,175,183,38,30,6,0,2,30,8,16.4,4.4,.217,.286,.251,.537,.253,.359,.235,.282,.285,.107,87.3,1.6,27,3.4,24.3,
Urshela, Gio,570482,2021,30,184,198,49,33,10,0,6,48,13,24.2,6.6,.266,.418,.313,.732,.266,.471,.318,.335,.313,.205,90.1,7,38.8,10.1,25.1,
Schoop, Jonathan,570731,2021,30,202,221,53,37,6,1,9,49,15,22.2,6.8,.262,.436,.317,.752,.240,.384,.320,.300,.299,.144,88.2,8.9,24.1,7.6,23.6,
Arenado, Nolan,571448,2021,30,226,244,62,32,18,1,11,33,14,13.5,5.7,.274,.509,.320,.829,.265,.434,.349,.316,.311,.170,88.2,19.9,36.4,7.2,18.3,
Barnhart, Tucker,571466,2021,30,136,156,37,22,12,0,3,46,15,29.5,9.6,.272,.426,.359,.785,.224,.370,.346,.305,.317,.146,88.4,14.7,47.3,5.5,28.1,
Farmer, Kyle,571657,2021,31,146,161,30,23,3,0,4,27,8,16.8,5.0,.205,.308,.273,.582,.240,.374,.262,.298,.304,.134,87.3,15.2,31.7,4.2,19.9,
Hamilton, Billy,571740,2021,31,66,72,15,8,3,2,2,22,3,30.6,4.2,.227,.424,.250,.674,.209,.304,.277,.240,.241,.094,86.7,17.6,40.8,2,28.4,
Haniger, Mitch,571745,2021,31,225,245,59,29,15,1,14,57,17,23.3,6.9,.262,.524,.310,.835,.269,.520,.353,.356,.318,.251,89.4,15.3,28.7,13.5,30.2,
Hernandez, Enrique,571771,2021,30,166,180,38,23,9,1,5,40,11,22.2,6.1,.229,.386,.283,.669,.219,.392,.292,.290,.276,.173,89.7,17.7,26,7.1,23.1,
Holt, Brock,571788,2021,33,77,89,18,13,4,0,1,20,11,22.5,12.4,.234,.325,.337,.662,.218,.307,.302,.289,.323,.089,88,10.2,35.1,1.8,19.9,
Lamb, Jake,571875,2021,31,51,62,14,9,2,0,3,16,10,25.8,16.1,.275,.490,.403,.893,.283,.510,.405,.394,.404,.228,93.5,16.4,37.8,10.8,25.7,
Muncy, Max,571970,2021,31,181,231,48,27,7,1,13,48,45,20.8,19.5,.265,.530,.424,.955,.291,.584,.409,.433,.445,.293,91.1,12.9,37.6,15.8,23.7,
Myers, Wil,571976,2021,31,157,176,40,27,7,0,6,40,18,22.7,10.2,.255,.414,.330,.744,.220,.384,.324,.298,.298,.164,85.7,6.8,28,7.6,28.4,
Naquin, Tyler,571980,2021,30,166,188,42,23,8,0,11,46,16,24.5,8.5,.253,.500,.330,.830,.260,.513,.354,.360,.337,.253,91.6,12.3,28.7,13.1,26.4,
Piscotty, Stephen,572039,2021,30,120,132,26,16,6,0,4,31,11,23.5,8.3,.217,.367,.288,.655,.243,.425,.289,.320,.312,.183,86,17.4,38.2,10.1,24.5,
Pollock, AJ,572041,2021,34,99,108,27,18,5,0,4,25,8,23.1,7.4,.273,.444,.333,.778,.265,.452,.333,.329,.326,.188,91.8,14.9,31.1,9.5,21.3,
Seager, Kyle,572122,2021,34,224,247,48,22,14,1,11,59,18,23.9,7.3,.214,.433,.279,.712,.246,.507,.307,.346,.309,.262,90.6,19.5,36.5,13.8,30.3,
Taylor, Michael A.,572191,2021,30,165,178,43,32,5,1,5,60,11,33.7,6.2,.261,.394,.309,.703,.236,.392,.301,.294,.285,.156,89.3,11.8,32.4,7.4,40.3,
Voit III, Luke,572228,2021,30,44,50,8,7,0,0,1,15,5,30.0,10.0,.182,.250,.280,.530,.209,.317,.248,.282,.304,.108,86.5,7.7,13.8,6.9,43.6,
Walker, Christian,572233,2021,30,84,91,16,12,2,1,1,19,6,20.9,6.6,.190,.274,.242,.516,.244,.359,.231,.283,.289,.115,88.2,17.8,29,4.3,25.4,
Zunino, Mike,572287,2021,30,119,132,24,8,4,0,12,53,11,40.2,8.3,.202,.538,.280,.818,.212,.556,.347,.358,.299,.344,91.3,28.6,34.3,26.9,42.6,
Carpenter, Matt,572761,2021,36,92,111,14,7,4,0,3,34,16,30.6,14.4,.152,.293,.288,.582,.233,.474,.265,.354,.355,.241,90.8,20.3,44.1,16.9,30.9,
Dickerson, Corey,572816,2021,32,172,190,47,33,10,2,2,40,14,21.1,7.4,.273,.390,.337,.726,.250,.383,.319,.308,.316,.133,86.2,9,32.8,3,25.3,
Ruf, Darin,573131,2021,35,82,100,20,10,4,0,6,29,16,29.0,16.0,.244,.512,.370,.882,.277,.538,.373,.392,.397,.261,95,9.7,38.9,16.7,26.7,
Yastrzemski, Mike,573262,2021,31,158,184,35,12,15,2,6,45,23,24.5,12.5,.222,.456,.332,.787,.211,.396,.339,.313,.322,.185,89.9,13.8,31,8.8,22.8,
Contreras, Willson,575929,2021,29,175,205,43,29,5,0,9,58,22,28.3,10.7,.246,.429,.346,.775,.233,.412,.339,.329,.336,.179,89.7,9.2,26.9,8.4,32.8,
Iglesias, Jose,578428,2021,31,164,172,45,35,6,0,4,27,6,15.7,3.5,.274,.384,.308,.692,.275,.379,.304,.303,.308,.105,85.6,9.3,31.4,3.6,19.1,
Bryant, Kris,592178,2021,29,200,228,62,32,16,1,13,51,24,22.4,10.5,.310,.595,.390,.985,.277,.499,.417,.369,.361,.223,87.4,13.3,35.3,12,25.9,
Canha, Mark,592192,2021,32,212,259,56,33,10,2,11,53,34,20.5,13.1,.264,.486,.394,.880,.258,.480,.385,.378,.389,.223,88.5,16.4,43.1,11.9,20.8,
Casali, Curt,592200,2021,33,67,80,7,6,1,0,0,24,11,30.0,13.8,.104,.119,.250,.369,.170,.303,.189,.274,.305,.132,85.9,22.3,30.2,4.7,28.9,
Castellanos, Nick,592206,2021,29,204,224,75,44,18,1,12,40,18,17.9,8.0,.368,.642,.424,1.066,.339,.605,.454,.423,.398,.266,91,12,45.7,9.8,30,
Gamel, Ben,592325,2021,29,67,76,12,6,5,1,0,23,7,30.3,9.2,.179,.284,.250,.534,.205,.309,.236,.265,.275,.104,89.9,18.9,38,6,24.6,
Goodrum, Niko,592348,2021,29,158,178,34,25,4,1,4,66,17,37.1,9.6,.215,.329,.298,.627,.199,.341,.280,.286,.287,.142,89,15.6,36.8,9.5,40,
Jones, JaCoby,592444,2021,29,100,105,17,13,2,0,2,42,5,40.0,4.8,.170,.250,.210,.460,.200,.349,.205,.255,.238,.148,89.4,10.3,41.4,8.6,36.7,
Judge, Aaron,592450,2021,29,193,227,56,35,7,0,14,58,32,25.6,14.1,.290,.544,.392,.936,.336,.641,.398,.448,.429,.305,96.9,11.6,42.9,18.6,28.1,
Machado, Manny,592518,2021,29,194,224,45,28,8,2,7,43,28,19.2,12.5,.232,.402,.326,.728,.252,.445,.318,.343,.346,.192,93.6,13,29.4,9.8,24.4,
Marmolejos, Jose,592530,2021,28,79,94,11,6,2,0,3,32,14,34.0,14.9,.139,.278,.266,.544,.171,.346,.252,.284,.293,.175,90,22.6,35.4,10.4,31.1,
Moran, Colin,592567,2021,29,111,122,33,22,7,0,4,34,10,27.9,8.2,.297,.468,.352,.821,.263,.423,.355,.322,.321,.160,89.1,9.1,42.3,9,26.8,
Pederson, Joc,592626,2021,29,154,176,36,25,3,2,6,48,15,27.3,8.5,.234,.396,.313,.709,.244,.420,.310,.333,.329,.176,92.2,16.7,28.4,11,26.1,
Realmuto, J.T.,592663,2021,30,129,156,37,24,8,1,4,37,20,23.7,12.8,.287,.457,.397,.855,.292,.510,.373,.400,.407,.218,90.1,9.3,35.1,11.7,27.7,
Renfroe, Hunter,592669,2021,29,166,177,44,26,11,0,7,45,9,25.4,5.1,.265,.458,.299,.757,.252,.462,.326,.321,.293,.210,91.5,15.6,40,11.2,28.8,
Rosario, Eddie,592696,2021,30,194,211,46,33,8,1,4,35,13,16.6,6.2,.237,.351,.284,.635,.242,.392,.281,.303,.295,.150,88.2,12.9,34,4.3,20.1,
Simmons, Andrelton,592743,2021,32,144,161,36,29,5,0,2,30,16,18.6,9.9,.250,.326,.329,.656,.256,.314,.297,.295,.334,.058,83.6,-1.7,31.6,0.9,19.8,
Wilkerson, Stevie,592859,2021,29,50,54,9,6,3,0,0,18,3,33.3,5.6,.180,.240,.241,.481,.180,.254,.220,.225,.240,.074,86.4,6.6,34.4,0,32,
Yelich, Christian,592885,2021,30,79,96,20,16,1,1,2,31,16,32.3,16.7,.253,.367,.385,.753,.235,.410,.356,.349,.373,.175,91.5,2.4,30,12,29.2,
Merrifield, Whit,593160,2021,32,213,239,56,38,13,0,5,24,18,10.0,7.5,.263,.394,.322,.717,.275,.423,.310,.327,.335,.148,87.1,12.9,36.9,4,12.8,
Bogaerts, Xander,593428,2021,29,203,224,63,38,15,0,10,44,18,19.6,8.0,.310,.532,.371,.903,.301,.504,.387,.370,.361,.203,88.6,9.5,39,9.8,23.6,
Alberto, Hanser,593643,2021,29,90,94,24,15,7,2,0,12,0,12.8,0.0,.267,.389,.266,.655,.266,.373,.280,.281,.275,.107,84,14.9,30.6,2.4,18.4,
Polanco, Jorge,593871,2021,28,189,214,43,24,12,1,6,38,20,17.8,9.3,.228,.397,.304,.701,.269,.473,.314,.351,.342,.205,89.5,15.5,33.5,9.5,16.9,
Sano, Miguel,593934,2021,28,142,163,23,9,3,0,11,62,20,38.0,12.3,.162,.415,.270,.685,.176,.381,.297,.295,.286,.204,90.9,23.3,30.9,16,41.3,
Difo, Wilmer,594694,2021,29,81,86,20,14,3,2,1,24,5,27.9,5.8,.247,.370,.291,.661,.220,.318,.289,.258,.265,.098,83.2,12.9,40.4,3.5,30.5,
Calhoun, Kole,594777,2021,34,48,51,14,9,3,0,2,13,3,25.5,5.9,.292,.479,.333,.813,.222,.446,.351,.304,.268,.224,89.4,14.5,42.9,8.6,36.3,
Duvall, Adam,594807,2021,33,171,184,34,19,5,1,9,60,11,32.6,6.0,.199,.398,.250,.648,.212,.458,.274,.303,.261,.246,91.7,22.1,28.4,13.8,29.3,
Eaton, Adam,594809,2021,33,150,176,30,17,7,1,5,45,17,25.6,9.7,.200,.360,.295,.655,.223,.345,.290,.300,.320,.123,88.4,6.2,30.9,6.4,25,
Gosselin, Phil,594838,2021,33,62,66,18,12,5,0,1,19,3,28.8,4.5,.290,.419,.333,.753,.233,.391,.329,.293,.280,.157,89.6,8.4,30.2,7,30.5,
Kiermaier, Kevin,595281,2021,31,119,128,24,17,5,1,1,41,8,32.0,6.3,.202,.286,.258,.544,.215,.309,.240,.255,.269,.093,89.2,0.5,27.2,4.9,32.6,
Knapp, Andrew,595284,2021,30,81,88,13,11,1,0,1,31,6,35.2,6.8,.160,.210,.216,.426,.186,.296,.195,.239,.240,.110,84.9,15,27.5,3.9,34.9,
Wallach, Chad,595453,2021,30,59,65,12,9,2,1,0,31,3,47.7,4.6,.203,.271,.246,.517,.115,.163,.229,.166,.177,.048,84.9,8.1,33.3,3.3,44.7,
Alfaro, Jorge,595751,2021,28,59,63,14,11,1,0,2,19,2,30.2,3.2,.237,.356,.286,.642,.250,.466,.286,.326,.295,.216,94.4,7,33.3,14.3,35.3,
Profar, Jurickson,595777,2021,28,176,206,41,33,6,1,1,33,25,16.0,12.1,.233,.295,.325,.621,.234,.296,.284,.287,.330,.062,85.5,12.4,28.1,0.7,17.3,
Baez, Javier,595879,2021,29,200,214,49,29,5,1,14,80,7,37.4,3.3,.245,.490,.280,.770,.217,.436,.327,.299,.259,.219,89.7,11.5,27,13.9,39.6,
Cave, Jake,595909,2021,29,84,93,14,8,5,0,1,35,6,37.6,6.5,.167,.262,.237,.498,.197,.300,.228,.255,.267,.103,87.5,5.7,36,4,33.5,
Evans, Phillip,595943,2021,29,111,129,24,17,3,0,4,29,14,22.5,10.9,.216,.351,.326,.677,.279,.443,.307,.362,.379,.165,92,5.9,30.5,8.5,26.2,
Hedges, Austin,595978,2021,29,89,98,13,9,1,0,3,36,6,36.7,6.1,.146,.258,.194,.452,.155,.233,.200,.194,.209,.078,85.1,23.6,32.1,3.6,34.2,
Lindor, Francisco,596019,2021,28,189,218,42,29,7,1,5,36,23,16.5,10.6,.222,.349,.307,.657,.240,.397,.293,.322,.329,.158,90.1,11.6,31.8,6.4,21.3,
Odor, Rougned,596059,2021,27,106,119,20,12,3,0,5,31,10,26.1,8.4,.189,.358,.277,.636,.221,.384,.274,.302,.303,.163,88.9,19.2,34.2,6.3,29.1,
Slater, Austin,596103,2021,29,129,147,28,18,2,1,7,49,18,33.3,12.2,.217,.411,.313,.724,.236,.409,.318,.326,.330,.173,86.4,5.5,37.5,10,32.4,
Story, Trevor,596115,2021,29,184,205,47,28,12,2,5,46,18,22.4,8.8,.255,.424,.322,.746,.260,.462,.320,.337,.328,.202,89.1,16.1,40.7,8.6,25.6,
Vogelbach, Daniel,596129,2021,29,115,135,24,16,4,0,4,29,20,21.5,14.8,.209,.348,.326,.674,.238,.374,.298,.320,.347,.136,90.6,12.7,35.2,6.8,21.6,
Sanchez, Gary,596142,2021,29,134,158,27,16,5,0,6,47,21,29.7,13.3,.201,.373,.323,.696,.225,.428,.310,.335,.343,.203,90.5,18.5,34.5,10.3,36.4,
Kepler, Max,596146,2021,28,132,152,28,12,9,2,5,28,16,18.4,10.5,.212,.424,.303,.727,.261,.467,.312,.350,.347,.206,91.5,19.2,34.9,10.4,23.7,
Quinn, Roman,596451,2021,28,52,62,9,5,2,2,0,19,6,30.6,9.7,.173,.288,.306,.595,.212,.289,.277,.296,.339,.077,86.4,11.2,33.3,3,30.1,
Franco, Maikel,596748,2021,29,212,226,42,23,13,0,6,34,13,15.0,5.8,.198,.344,.243,.588,.228,.338,.256,.268,.271,.110,87.6,7.4,26.8,4.5,22.1,
Choi, Ji-Man,596847,2021,30,46,58,14,8,4,0,2,19,11,32.8,19.0,.304,.522,.448,.970,.279,.517,.423,.408,.428,.238,93.7,19.8,55.6,14.8,33.7,
Bradley Jr., Jackie,598265,2021,31,166,182,24,15,3,2,4,60,8,33.0,4.4,.145,.259,.209,.468,.197,.307,.225,.260,.263,.110,89.7,11.3,24.3,6.3,35.7,
La Stella, Tommy,600303,2021,32,68,75,16,11,3,1,1,10,6,13.3,8.0,.235,.353,.293,.646,.283,.443,.288,.341,.341,.161,88.9,9.9,31,6.9,12.6,
Severino, Pedro,600474,2021,28,138,152,32,25,5,0,2,34,14,22.4,9.2,.232,.312,.303,.614,.238,.344,.275,.288,.308,.106,86.6,15.7,23.1,2.9,27.8,
Candelario, Jeimer,600869,2021,28,210,233,56,39,13,0,4,60,22,25.8,9.4,.267,.386,.339,.725,.251,.405,.320,.318,.323,.154,88.9,13.2,38.8,9.2,25.7,
Daza, Yonathan,602074,2021,27,136,149,45,38,5,1,1,29,9,19.5,6.0,.331,.404,.362,.767,.267,.336,.341,.293,.316,.069,84.3,7.3,34.2,1.8,23.4,
Urias, Ramon,602104,2021,27,53,59,12,9,2,0,1,17,5,28.8,8.5,.226,.321,.305,.626,.228,.356,.283,.294,.307,.127,89.6,7.3,22.2,11.1,25.8,
Ahmed, Nick,605113,2021,31,159,175,34,22,10,1,1,45,14,25.7,8.0,.214,.308,.280,.588,.194,.276,.281,.243,.262,.082,87.4,15.6,26.1,2.5,31,
Anderson, Brian,605119,2021,28,124,136,31,22,6,0,3,36,12,26.5,8.8,.250,.371,.316,.687,.218,.385,.302,.292,.287,.167,88.9,11.2,34.1,9.1,28.6,
Barnes, Austin,605131,2021,32,87,102,20,13,5,0,2,25,13,24.5,12.7,.230,.356,.333,.690,.215,.288,.313,.283,.324,.073,84.5,15.6,30.2,3.2,26,
Bell, Josh,605137,2021,29,152,166,33,18,7,0,8,41,12,24.7,7.2,.217,.421,.277,.698,.245,.444,.300,.326,.306,.199,92.9,7.6,26.5,8.8,26,
Betts, Mookie,605141,2021,29,190,227,49,25,18,1,5,34,29,15.0,12.8,.258,.442,.374,.817,.265,.413,.358,.353,.382,.149,88.9,18.3,33.8,5.7,17.3,
Caratini, Victor,605170,2021,28,123,141,26,18,4,0,4,41,15,29.1,10.6,.211,.341,.305,.646,.210,.366,.288,.296,.307,.156,91.2,10.6,37.3,8.4,30.6,
Garcia, Aramis,605244,2021,28,56,61,11,8,1,0,2,18,1,29.5,1.6,.196,.321,.230,.551,.211,.334,.247,.256,.251,.124,88.7,10.9,27.5,5,30.3,
Panik, Joe,605412,2021,31,79,82,21,15,4,0,2,12,2,14.6,2.4,.266,.392,.280,.673,.274,.404,.290,.298,.289,.130,84.8,6.9,39.7,4.4,17.5,
Perez, Michael,605421,2021,29,63,69,9,4,2,0,3,25,5,36.2,7.2,.143,.317,.217,.535,.193,.333,.231,.257,.263,.140,86.9,16.4,31.6,7.9,28.6,
Castro, Harold,605612,2021,28,98,106,30,29,1,0,0,20,7,18.9,6.6,.306,.316,.349,.665,.319,.441,.302,.351,.364,.122,88.4,7.3,46.8,0,29.9,
Tapia, Raimel,606132,2021,27,214,233,60,45,10,0,5,31,17,13.3,7.3,.280,.397,.330,.728,.264,.345,.316,.292,.316,.081,86.4,-0.5,23.8,2.2,15,
Hernandez, Teoscar,606192,2021,29,156,170,48,35,5,0,8,43,14,25.3,8.2,.308,.494,.365,.858,.292,.545,.370,.378,.350,.253,92.6,13.6,42.5,15,29.8,
Mercedes, Yermin,606213,2021,28,186,204,56,41,7,1,7,34,16,16.7,7.8,.301,.462,.358,.820,.263,.461,.350,.336,.323,.198,87.5,15.6,34.8,7.7,20.7,
Peraza, Jose,606299,2021,27,74,80,16,10,3,0,3,9,5,11.3,6.3,.216,.378,.275,.653,.223,.322,.287,.269,.281,.099,85.7,18.1,29.2,3.1,17.9,
Marte, Ketel,606466,2021,28,80,87,28,17,7,0,4,14,6,16.1,6.9,.350,.588,.391,.978,.345,.521,.433,.396,.394,.175,91.8,4.9,29.2,5.6,17.1,
Haase, Eric,606992,2021,29,63,69,17,7,2,1,7,21,5,30.4,7.2,.270,.667,.333,1.000,.280,.614,.412,.400,.342,.334,91.3,17.8,45.2,19,34.2,
Nimmo, Brandon,607043,2021,28,66,80,21,15,5,0,1,22,12,27.5,15.0,.318,.439,.425,.864,.265,.386,.392,.348,.387,.121,88.3,1.4,33.3,6.7,27.4,
Turner, Trea,607208,2021,28,219,237,68,47,11,0,10,50,13,21.1,5.5,.311,.498,.354,.852,.281,.463,.365,.346,.329,.182,88.5,8.8,33.1,6.9,23,
Beaty, Matt,607461,2021,28,91,104,26,20,3,0,3,19,10,18.3,9.6,.286,.418,.375,.793,.251,.351,.353,.316,.345,.100,86.8,6.3,29.2,1.4,21.1,
Blandino, Alex,607468,2021,29,70,82,14,10,4,0,0,28,8,34.1,9.8,.200,.257,.317,.574,.178,.253,.272,.262,.299,.075,85.4,13.6,33.3,0,31,
Pillar, Kevin,607680,2021,32,101,106,25,19,3,1,2,23,3,21.7,2.8,.248,.356,.283,.639,.230,.368,.278,.275,.266,.138,86.9,25.8,30.8,3.8,22.2,
Stallings, Jacob,607732,2021,32,140,161,34,19,10,1,4,33,20,20.5,12.4,.243,.414,.342,.756,.241,.419,.333,.332,.338,.178,87.9,9.4,39.4,8.3,26.7,
Ramirez, Jose,608070,2021,29,199,229,52,26,12,1,13,31,24,13.5,10.5,.261,.528,.345,.873,.301,.558,.367,.397,.384,.257,91.2,18.6,35.7,12.3,18.1,
Bregman, Alex,608324,2021,27,190,218,55,39,10,0,6,33,26,15.1,11.9,.289,.437,.381,.818,.265,.410,.350,.334,.358,.146,88.1,15.1,31.7,5,15.4,
Gallo, Joey,608336,2021,28,192,237,40,25,5,0,10,79,42,33.3,17.7,.208,.391,.359,.749,.211,.444,.336,.353,.361,.233,91.4,20.2,31,15,41.7,
Kelly, Carson,608348,2021,27,113,146,31,21,4,0,6,29,25,19.9,17.1,.274,.469,.411,.880,.282,.529,.383,.407,.419,.247,88.2,18,39.6,12.1,27.2,
Seager, Corey,608369,2021,27,147,169,39,26,7,2,4,29,19,17.2,11.2,.265,.422,.361,.783,.292,.501,.344,.381,.384,.208,91.5,8.6,32.2,8.5,30.7,
Winker, Jesse,608385,2021,28,196,216,67,42,10,1,14,40,18,18.5,8.3,.342,.617,.403,1.020,.314,.568,.435,.400,.378,.254,91.9,12.6,39.7,12.2,21.3,
Mazara, Nomar,608577,2021,26,96,105,19,13,3,1,2,26,9,24.8,8.6,.198,.313,.267,.579,.206,.365,.249,.277,.271,.160,91.1,9.3,30.1,11,29.2,
Murphy, Tom,608596,2021,30,106,117,18,8,4,0,6,43,8,36.8,6.8,.170,.377,.222,.600,.190,.405,.260,.278,.247,.214,90.4,20.8,34.4,12.5,40.2,
Plawecki, Kevin,608700,2021,30,50,55,13,9,3,0,1,8,3,14.5,5.5,.260,.380,.309,.689,.268,.474,.298,.347,.331,.206,89.9,12.1,33.3,6.7,15.1,
Refsnyder, Rob,608701,2021,30,50,55,16,11,3,0,2,15,4,27.3,7.3,.320,.500,.364,.864,.283,.519,.370,.357,.330,.236,90.6,12.9,41.7,13.9,30.6,
Andujar, Miguel,609280,2021,26,77,77,18,15,1,0,2,20,0,26.0,0.0,.234,.325,.234,.558,.253,.423,.258,.287,.253,.171,89.1,7,33.9,8.5,25.5,
Cordero, Franchy,614173,2021,27,95,102,17,10,6,0,1,37,6,36.3,5.9,.179,.274,.225,.499,.190,.303,.224,.240,.238,.113,90.1,4.3,30.5,5.1,40.1,
Reyes, Franmil,614177,2021,26,144,158,37,15,9,2,11,48,12,30.4,7.6,.257,.576,.316,.893,.256,.559,.374,.370,.318,.303,93.7,8.3,29.9,20.6,33.9,
Torrens, Luis,620443,2021,25,90,96,16,9,5,0,2,25,4,26.0,4.2,.178,.300,.219,.519,.221,.374,.227,.275,.261,.153,90.1,5.5,28.8,9.1,27.5,
Robertson, Daniel,621002,2021,27,46,53,6,3,2,0,1,16,5,30.2,9.4,.130,.239,.226,.466,.168,.277,.219,.249,.264,.109,84.9,10.3,22.6,6.5,27.8,
Swanson, Dansby,621020,2021,27,202,223,48,26,12,1,9,63,14,28.3,6.3,.238,.441,.291,.732,.254,.488,.315,.341,.311,.233,89.7,14.8,39.5,11.6,31,
Newman, Kevin,621028,2021,28,193,203,41,34,5,1,1,12,9,5.9,4.4,.212,.264,.246,.511,.247,.320,.224,.266,.279,.073,84.8,7.3,31,1.1,11.7,
Taylor, Chris,621035,2021,31,178,214,50,32,8,3,7,53,30,24.8,14.0,.281,.478,.402,.879,.266,.469,.384,.375,.390,.203,89.2,13.3,40.8,9.6,31.6,
Correa, Carlos,621043,2021,27,210,240,60,37,13,0,10,37,28,15.4,11.7,.286,.490,.371,.861,.292,.468,.371,.363,.377,.175,90.1,13.7,31.6,8,22.2,
Dahl, David,621311,2021,27,144,154,30,19,7,0,4,41,6,26.6,3.9,.208,.340,.240,.581,.242,.421,.253,.299,.275,.179,88.4,14,38.7,8.5,27,
Phillips, Brett,621433,2021,27,110,128,24,16,5,0,3,53,15,41.4,11.7,.218,.345,.305,.650,.195,.328,.301,.275,.289,.133,86.9,9.6,34.4,6.6,34.1,
Taylor, Tyrone,621438,2021,27,82,92,18,10,3,0,5,21,5,22.8,5.4,.220,.439,.304,.743,.249,.473,.322,.348,.329,.224,87.2,17,32.3,11.3,23.2,
Buxton, Byron,621439,2021,28,92,98,34,15,10,0,9,23,4,23.5,4.1,.370,.772,.408,1.180,.326,.695,.495,.444,.368,.369,94.2,9.3,36.2,21.7,30.9,
Brinson, Lewis,621446,2021,27,63,64,14,9,3,0,2,19,1,29.7,1.6,.222,.365,.234,.599,.238,.357,.258,.263,.250,.119,89.6,11.7,27.3,6.8,36.1,
Duggar, Steven,621453,2021,28,79,85,24,14,5,1,4,32,6,37.6,7.1,.304,.544,.353,.897,.222,.451,.384,.311,.277,.229,89.8,16.1,40.4,12.8,32.4,
Rios, Edwin,621458,2021,27,51,60,4,3,0,0,1,18,7,30.0,11.7,.078,.137,.217,.354,.136,.294,.183,.257,.265,.159,90,11.1,27.3,12.1,31.2,
Stewart, DJ,621466,2021,28,128,150,27,16,5,0,6,37,20,24.7,13.3,.211,.391,.327,.717,.218,.398,.320,.323,.333,.179,87,19.1,34.1,7.7,31.1,
Ward, Taylor,621493,2021,28,91,103,21,13,3,0,5,27,7,26.2,6.8,.231,.429,.301,.730,.240,.456,.319,.329,.313,.216,89.5,14.8,36.4,13.6,28,
Mathisen, Wyatt,621500,2021,28,42,51,5,4,0,0,1,21,5,41.2,9.8,.119,.190,.255,.445,.181,.286,.220,.275,.306,.106,86.8,23.7,31.8,4.5,43.5,
Nido, Tomas,621512,2021,27,66,71,17,11,2,1,3,16,3,22.5,4.2,.258,.455,.310,.764,.270,.475,.331,.343,.322,.205,88,8.7,38,10,35.1,
Wendle, Joey,621563,2021,31,173,189,50,27,16,1,6,38,11,20.1,5.8,.289,.497,.344,.841,.233,.354,.355,.284,.292,.121,87.1,7.5,29.5,5,24.1,
Olson, Matt,621566,2021,27,194,226,54,25,14,0,15,38,25,16.8,11.1,.278,.582,.367,.950,.265,.543,.398,.384,.361,.278,92.9,16.8,29.6,13.8,23.4,
Duffy, Matt,622110,2021,30,90,106,25,20,4,0,1,18,11,17.0,10.4,.278,.356,.377,.733,.297,.426,.332,.363,.394,.129,87.6,6.8,38.4,4.1,11.1,
Walton, Donovan,622268,2021,27,53,56,11,8,1,1,1,13,1,23.2,1.8,.208,.321,.214,.535,.220,.310,.234,.234,.234,.090,87.5,12.6,33.3,4.8,26.9,
Margot, Manuel,622534,2021,27,182,193,44,29,8,2,5,30,10,15.5,5.2,.242,.390,.280,.670,.265,.409,.287,.308,.301,.144,87.9,10.5,31,5.7,19.8,
Reyes, Victor,622682,2021,27,83,86,13,7,4,1,1,25,3,29.1,3.5,.157,.265,.186,.451,.236,.345,.197,.265,.263,.108,89.1,8.1,36.2,3.4,30,
Mateo, Jorge,622761,2021,26,69,74,15,11,3,0,1,18,1,24.3,1.4,.217,.304,.257,.561,.228,.323,.252,.264,.270,.095,84.7,9.4,42.3,5.8,29.1,
Bote, David,623520,2021,28,144,162,29,19,5,0,5,36,13,22.2,8.0,.201,.340,.278,.618,.263,.487,.276,.355,.336,.224,90.1,7.4,29.1,13.6,27.5,
Ramirez, Harold,623912,2021,27,94,100,26,15,7,1,3,12,4,12.0,4.0,.277,.468,.320,.788,.329,.531,.337,.386,.369,.201,93.8,2.8,28,9.8,22.7,
Santander, Anthony,623993,2021,27,114,124,29,18,8,0,3,30,4,24.2,3.2,.254,.404,.282,.686,.273,.384,.295,.306,.309,.111,90.4,11.2,33,6.8,25.7,
Alonso, Pete,624413,2021,27,150,173,37,23,7,0,7,41,19,23.7,11.0,.247,.433,.335,.769,.262,.522,.336,.370,.350,.259,93.3,16.8,34.2,17.1,25.5,
Arroyo, Christian,624414,2021,26,85,92,24,16,8,0,0,23,3,25.0,3.3,.282,.376,.326,.703,.224,.305,.321,.259,.273,.081,84.4,5.3,32.8,3.1,27.3,
Biggio, Cavan,624415,2021,26,127,151,26,19,3,1,3,47,20,31.1,13.2,.205,.315,.311,.626,.194,.299,.285,.275,.306,.106,88.8,15.3,32.9,3.7,29.1,
Conforto, Michael,624424,2021,28,113,135,26,18,6,0,2,27,18,20.0,13.3,.230,.336,.356,.692,.275,.471,.318,.378,.394,.196,88.3,12.1,34.9,9.3,22.6,
Frazier, Adam,624428,2021,30,221,246,74,50,19,3,2,27,20,11.0,8.1,.335,.475,.398,.873,.291,.385,.378,.330,.359,.094,85.6,16.3,38.2,1,12.1,
Trevino, Jose,624431,2021,29,130,138,32,27,3,0,2,30,4,21.7,2.9,.246,.315,.261,.576,.259,.390,.254,.291,.279,.131,88.3,6.4,35.6,4.8,22.9,
Nunez, Dom,624513,2021,26,111,126,18,6,5,2,5,51,15,40.5,11.9,.162,.378,.262,.640,.163,.333,.271,.254,.263,.170,86.3,15.1,40,11.7,39.2,
Soler, Jorge,624585,2021,29,175,204,31,16,11,0,4,63,18,30.9,8.8,.177,.309,.255,.563,.223,.435,.254,.322,.307,.212,93,17.4,27.1,12.7,31.6,
Sosa, Edmundo,624641,2021,25,77,90,21,16,3,1,1,16,5,17.8,5.6,.273,.377,.378,.754,.233,.360,.338,.316,.344,.127,88.2,-0.4,24.6,4.9,26.7,
Heredia, Guillermo,628338,2021,30,93,104,25,12,11,0,2,31,10,29.8,9.6,.269,.452,.346,.798,.247,.387,.331,.307,.324,.140,87.6,13.1,38.5,7.7,27.5,
Hernandez, Yadiel,628450,2021,34,66,73,18,15,1,0,2,19,5,26.0,6.8,.273,.379,.329,.708,.253,.447,.308,.330,.316,.195,90.7,3.8,36.7,8.2,33.8,
Cronenworth, Jake,630105,2021,27,224,254,62,43,13,1,5,35,20,13.8,7.9,.277,.411,.339,.749,.256,.409,.330,.319,.327,.153,88,13.6,34.4,6.3,12.2,
Frazier, Clint,640449,2021,27,144,168,27,17,5,0,5,47,23,28.0,13.7,.188,.326,.304,.630,.209,.364,.280,.305,.320,.155,86.8,14.9,28.3,11.1,26.4,
Meadows, Austin,640457,2021,26,200,236,48,19,15,1,13,58,31,24.6,13.1,.240,.520,.347,.867,.242,.481,.375,.361,.352,.239,89.9,20.6,42.3,12.8,26.3,
Pinder, Chad,640461,2021,29,68,72,16,6,7,0,3,23,4,31.9,5.6,.235,.471,.278,.748,.266,.624,.320,.387,.307,.357,96,6.8,40,22.2,24.1,
Anderson, Tim,641313,2021,28,184,195,53,40,8,0,5,49,10,25.1,5.1,.288,.413,.328,.741,.265,.427,.331,.316,.306,.162,89.3,1,25.9,6.5,30.3,
Bauers, Jake,641343,2021,26,100,113,19,14,3,0,2,27,12,23.9,10.6,.190,.280,.274,.554,.260,.401,.251,.324,.339,.141,89.7,17.7,37,5.5,30.7,
Bellinger, Cody,641355,2021,26,42,50,8,5,1,1,1,17,8,34.0,16.0,.190,.333,.320,.653,.179,.270,.297,.272,.310,.092,89.7,14.8,44,4,33.6,
Calhoun, Willie,641432,2021,27,155,169,40,27,7,1,5,20,13,11.8,7.7,.258,.413,.320,.732,.283,.444,.321,.341,.342,.161,91.3,15.9,30.4,3.7,15,
Collins, Zack,641470,2021,26,78,91,15,8,5,0,2,29,12,31.9,13.2,.192,.333,.297,.630,.203,.367,.286,.302,.310,.163,91.4,21,32,10,29.6,
Crawford, J.P.,641487,2021,26,202,222,52,37,12,0,3,38,18,17.1,8.1,.257,.361,.320,.681,.253,.346,.302,.297,.317,.094,85.8,10.8,33.9,3.6,17.7,
Davis, Jonathan,641505,2021,29,62,74,9,7,1,0,1,19,9,25.7,12.2,.145,.210,.284,.493,.212,.328,.242,.307,.340,.116,87.2,10.5,27.9,7,27.4,
Dozier, Hunter,641531,2021,30,140,153,20,7,5,2,6,48,12,31.4,7.8,.143,.336,.216,.551,.209,.415,.249,.297,.275,.206,90.2,19.2,29.5,12.6,32,
Garver, Mitch,641598,2021,30,116,135,26,10,8,0,8,45,19,33.3,14.1,.224,.500,.333,.833,.229,.503,.359,.359,.338,.274,90.4,19.5,33.8,15.5,30.5,
Hampson, Garrett,641658,2021,27,192,212,47,26,12,4,5,49,16,23.1,7.5,.245,.427,.302,.729,.237,.412,.313,.306,.298,.176,86.8,13.6,41.1,6.8,20.1,
Heim, Jonah,641680,2021,26,69,76,12,6,4,0,2,15,6,19.7,7.9,.174,.319,.237,.556,.191,.293,.244,.252,.259,.102,86.7,12,27.3,1.8,18.3,
Lewis, Kyle,641786,2021,26,130,147,32,23,4,0,5,37,16,25.2,10.9,.246,.392,.333,.726,.254,.491,.322,.356,.341,.236,89.7,16.8,45.2,14,34.2,
Locastro, Tim,641796,2021,29,99,111,19,16,2,0,1,22,6,19.8,5.4,.192,.242,.279,.522,.223,.293,.243,.276,.306,.071,80.9,13.3,30.8,1.3,22,
Mancini III, Trey,641820,2021,29,210,236,59,35,13,0,11,49,23,20.8,9.7,.281,.500,.356,.856,.309,.556,.368,.399,.382,.247,89.9,9.4,37.7,13,27.6,
McKinney, Billy,641856,2021,27,120,132,25,12,6,2,5,31,11,23.5,8.3,.208,.417,.273,.689,.243,.430,.294,.313,.304,.187,88.9,17.3,37.8,7.8,21,
McMahon, Ryan,641857,2021,27,210,229,53,28,12,0,13,54,17,23.6,7.4,.252,.495,.306,.801,.269,.529,.339,.355,.321,.260,92.4,17.7,39.9,10.1,30.5,
Neuse, Sheldon,641914,2021,27,58,59,10,6,1,0,3,22,1,37.3,1.7,.172,.345,.186,.531,.196,.407,.227,.260,.209,.211,88.7,13.9,30.6,13.9,37.7,
O'Neill, Tyler,641933,2021,26,139,147,39,18,9,0,12,52,4,35.4,2.7,.281,.604,.313,.917,.285,.635,.386,.397,.320,.350,93.3,18.3,45.5,21.6,38.6,
Sisco, Chance,642082,2021,26,65,73,10,8,2,0,0,18,6,24.7,8.2,.154,.185,.247,.431,.168,.238,.208,.232,.259,.070,83.8,11.9,25.5,2.1,33.1,
Smith, Dominic,642086,2021,26,166,186,43,33,7,0,3,43,14,23.1,7.5,.259,.355,.328,.683,.266,.437,.300,.341,.340,.170,87.8,13,42.4,7.2,31.5,
Tellez, Rowdy,642133,2021,26,112,122,24,17,3,1,3,24,8,19.7,6.6,.214,.339,.279,.618,.249,.441,.271,.321,.311,.191,92,11.6,31.8,13.6,23.5,
Valaika, Pat,642162,2021,29,78,85,13,10,2,0,1,24,5,28.2,5.9,.167,.231,.212,.443,.206,.372,.201,.278,.258,.166,88.1,20.9,46.4,7.1,27.2,
VanMeter, Josh,642165,2021,26,69,82,11,7,2,1,1,23,11,28.0,13.4,.159,.261,.280,.541,.174,.315,.252,.277,.294,.141,89.1,20.8,27.7,8.5,29.7,
White, Eli,642201,2021,27,55,60,7,6,0,1,0,20,5,33.3,8.3,.127,.164,.200,.364,.185,.274,.172,.240,.253,.089,85.7,8.8,40,5.7,39,
Williams, Justin,642211,2021,26,119,137,19,15,0,0,4,46,17,33.6,12.4,.160,.261,.270,.531,.242,.406,.231,.316,.341,.164,92.1,3.9,37,11,36.9,
Mejia, Francisco,642336,2021,26,96,107,25,16,6,0,3,18,5,16.8,4.7,.260,.417,.318,.734,.231,.355,.322,.289,.296,.124,87.2,12.6,33.8,6.3,18,
Sierra, Magneuris,642423,2021,25,80,89,20,18,2,0,0,19,9,21.3,10.1,.250,.275,.326,.601,.231,.263,.257,.247,.309,.032,82,5.8,24.6,0,18.7,
Rosario, Amed,642708,2021,26,167,183,41,30,5,3,3,35,15,19.1,8.2,.246,.365,.311,.677,.261,.354,.300,.304,.326,.093,88.6,6.7,30.3,1.5,25.7,
Adames, Willy,642715,2021,26,176,193,38,21,8,1,8,66,17,34.2,8.8,.216,.409,.285,.694,.225,.445,.301,.316,.292,.220,88.9,21.6,34.2,13.2,36.2,
Gutierrez, Kelvin,642721,2021,27,65,66,17,13,3,1,0,13,1,19.7,1.5,.262,.338,.273,.611,.229,.316,.266,.243,.241,.087,91.6,-0.8,19.2,3.8,28.3,
Benintendi, Andrew,643217,2021,27,190,209,56,43,6,1,6,39,17,18.7,8.1,.295,.432,.349,.781,.271,.454,.342,.340,.333,.184,89.1,13.4,35.9,7.7,20.8,
Cooper, Garrett,643265,2021,31,158,175,40,27,7,1,5,50,14,28.6,8.0,.253,.405,.326,.731,.251,.402,.324,.321,.327,.151,90.5,9.1,32.4,7.2,27.8,
Craig, Will,643269,2021,27,60,65,13,10,2,0,1,22,5,33.8,7.7,.217,.300,.277,.577,.182,.279,.253,.229,.245,.097,79.9,2.8,28.9,5.3,28.6,
Dubon, Mauricio,643289,2021,27,124,133,29,20,5,0,4,29,6,21.8,4.5,.234,.371,.271,.642,.235,.393,.272,.284,.277,.158,87.5,15.8,34,5.2,23.3,
Jansen, Danny,643376,2021,26,107,121,16,10,3,0,3,31,12,25.6,9.9,.150,.262,.240,.501,.197,.322,.231,.271,.284,.125,88,19.4,28.6,3.9,25.6,
Kemp, Tony,643393,2021,30,91,114,26,17,5,2,2,18,16,15.8,14.0,.286,.451,.377,.828,.247,.342,.364,.319,.359,.095,85.9,19.5,40.5,0,17.3,
Kiner-Falefa, Isiah,643396,2021,26,238,253,68,50,11,2,5,41,8,16.2,3.2,.286,.412,.320,.732,.280,.385,.320,.308,.316,.106,86.7,2,30.7,3,18.4,
McNeil, Jeff,643446,2021,29,99,113,24,17,4,0,3,9,12,8.0,10.6,.242,.374,.336,.710,.248,.428,.318,.337,.341,.180,88.4,12.2,28.9,5.6,17.6,
Tauchman, Mike,643565,2021,31,113,135,22,16,4,0,2,39,20,28.9,14.8,.195,.283,.319,.602,.177,.274,.282,.271,.306,.098,86.2,10.4,37.3,2.7,32.1,
Chang, Yu,644374,2021,26,79,84,14,8,5,0,1,24,4,28.6,4.8,.177,.278,.214,.493,.192,.313,.216,.235,.228,.122,86.6,27.5,26.8,7.1,25,
Albies, Ozzie,645277,2021,24,203,228,50,21,17,3,9,37,20,16.2,8.8,.246,.493,.320,.813,.280,.520,.354,.369,.349,.240,89.3,21.6,38.6,11.1,27,
Robles, Victor,645302,2021,24,128,150,28,20,7,1,0,35,15,23.3,10.0,.219,.289,.327,.616,.218,.315,.279,.292,.330,.098,86.6,21.3,28.4,2.1,23.6,
Ford, Mike,645801,2021,29,60,72,8,5,0,0,3,23,11,31.9,15.3,.133,.283,.278,.561,.184,.421,.256,.319,.320,.237,90.9,15.6,35.1,18.9,29.7,
Devers, Rafael,646240,2021,25,203,226,57,25,17,0,15,62,19,27.4,8.4,.281,.586,.345,.931,.288,.597,.391,.398,.359,.310,92.8,9.4,36.6,18.6,30.6,
Naylor, Josh,647304,2021,24,176,189,44,30,9,0,5,38,10,20.1,5.3,.250,.386,.296,.683,.249,.411,.298,.306,.297,.162,88.2,8.3,30.4,8,21.8,
Diaz, Aledmys,649557,2021,31,112,122,30,19,8,0,3,19,4,15.6,3.3,.268,.420,.328,.748,.302,.506,.335,.369,.363,.205,89.2,13.4,38.5,10.4,21.3,
Urias, Luis,649966,2021,24,155,182,33,19,8,0,6,45,23,24.7,12.6,.213,.381,.313,.694,.227,.440,.312,.327,.326,.214,88,13.8,33.3,10.5,23.6,
Arraez, Luis,650333,2021,24,141,162,39,34,3,1,1,18,17,11.1,10.5,.277,.333,.358,.691,.308,.453,.310,.364,.387,.145,90.3,8.8,40.8,3.2,12,
Torres, Gleyber,650402,2021,25,176,200,48,38,7,0,3,38,23,19.0,11.5,.273,.364,.355,.719,.254,.402,.317,.326,.337,.149,85.3,15.1,35,5.6,26,
Castro, Willi,650489,2021,24,161,177,37,25,7,2,3,49,9,27.7,5.1,.230,.354,.288,.642,.227,.335,.293,.279,.290,.108,85.1,15.4,34.2,3.4,32.5,
Diaz, Yandy,650490,2021,30,179,219,45,38,7,0,0,29,37,13.2,16.9,.251,.291,.384,.674,.249,.352,.316,.335,.383,.102,90,2.5,26.1,3.3,17.3,
Chapman, Matt,656305,2021,28,196,237,40,27,6,2,5,75,33,31.6,13.9,.204,.332,.312,.644,.192,.331,.288,.286,.305,.139,88,14.3,31.3,8.6,34.5,
Diaz, Isan,656371,2021,25,70,87,9,6,1,0,2,23,13,26.4,14.9,.129,.229,.264,.493,.220,.359,.216,.306,.350,.139,88.9,13,32.1,5.7,33.6,
Hoskins, Rhys,656555,2021,28,212,236,57,31,14,0,12,63,20,26.7,8.5,.269,.505,.339,.844,.247,.496,.363,.347,.320,.249,91.6,18.5,36.7,13.3,28.6,
Joe, Connor,656582,2021,29,43,52,10,8,2,0,0,12,9,23.1,17.3,.233,.279,.365,.644,.274,.391,.304,.357,.400,.117,85.7,12.3,38.7,6.5,22.5,
Luplow, Jordan,656669,2021,28,98,121,17,5,5,0,7,31,21,25.6,17.4,.173,.439,.331,.769,.187,.447,.339,.345,.341,.260,88.1,22.4,28.4,13.4,29.6,
McKinstry, Zach,656716,2021,26,70,76,17,9,5,0,3,18,4,23.7,5.3,.243,.443,.289,.732,.234,.396,.309,.287,.281,.162,89.3,12.7,32.1,7.5,22.2,
Mullins II, Cedric,656775,2021,27,223,249,70,45,14,3,8,45,23,18.1,9.2,.314,.511,.378,.889,.272,.429,.382,.337,.342,.156,89.4,14.4,35.2,5,19,
O'Hearn, Ryan,656811,2021,28,53,57,10,6,1,0,3,20,4,35.1,7.0,.189,.377,.246,.623,.218,.455,.272,.310,.273,.236,90.7,19.6,36.4,12.1,29.6,
Schwarber, Kyle,656941,2021,28,175,198,40,23,8,0,9,57,19,28.8,9.6,.229,.429,.318,.747,.244,.462,.326,.341,.332,.219,91.3,13.4,31.4,11.9,29.5,
Smith, Pavin,656976,2021,25,206,225,60,39,13,3,5,35,16,15.6,7.1,.291,.456,.347,.803,.306,.505,.349,.374,.362,.199,88.2,7,37.9,7.5,16.2,
Verdugo, Alex,657077,2021,25,197,217,57,39,10,1,7,28,16,12.9,7.4,.289,.457,.346,.802,.302,.480,.349,.361,.363,.177,89.9,7,37.9,5.7,15.6,
White, Evan,657108,2021,25,97,104,14,9,3,0,2,31,6,29.8,5.8,.144,.237,.202,.439,.191,.297,.199,.241,.246,.105,85.2,19.6,30.3,4.5,29.9,
DeJong, Paul,657557,2021,28,124,141,22,12,3,0,7,32,15,22.7,10.6,.177,.371,.277,.648,.239,.496,.288,.354,.330,.258,86,16.1,35.9,13,25,
Laureano, Ramon,657656,2021,27,183,205,47,26,8,2,11,55,17,26.8,8.3,.257,.503,.332,.834,.259,.535,.358,.368,.334,.276,89.4,10.7,35.7,14.7,26.7,
Fuentes, Joshua,658069,2021,28,171,181,43,26,11,1,5,41,9,22.7,5.0,.251,.415,.287,.702,.218,.307,.301,.248,.258,.089,85.4,16.6,32.1,2.3,27.4,
Moncada, Yoan,660162,2021,26,190,235,57,41,12,0,4,63,39,26.8,16.6,.300,.426,.430,.856,.289,.486,.385,.395,.419,.196,91.2,10.4,46.9,10.8,29.9,
Ohtani, Shohei,660271,2021,27,197,218,51,20,12,3,16,65,17,29.8,7.8,.259,.594,.326,.920,.264,.609,.385,.396,.335,.345,92.7,17.2,33.1,22.6,34.7,
Tsutsugo, Yoshi,660294,2021,30,103,118,16,12,4,0,0,39,14,33.1,11.9,.155,.194,.254,.448,.165,.241,.216,.236,.265,.076,89.9,14,20,1.5,28.6,
Acuna Jr., Ronald,660670,2021,24,188,224,53,26,9,1,17,46,29,20.5,12.9,.282,.612,.384,.996,.302,.640,.420,.442,.410,.338,94.4,18.7,36.1,19,23.7,
Contreras, William,661388,2021,24,76,87,17,10,1,1,5,28,8,32.2,9.2,.224,.461,.310,.771,.257,.509,.327,.358,.336,.251,93.4,7.3,32,18,33.7,
Hoerner, Nico,663538,2021,24,74,84,25,18,7,0,0,12,9,14.3,10.7,.338,.432,.405,.837,.309,.420,.360,.344,.380,.111,89.9,4.5,36.5,3.2,19.6,
Riley, Austin,663586,2021,24,183,214,56,38,8,0,10,61,22,28.5,10.3,.306,.514,.393,.906,.258,.480,.387,.354,.350,.222,89.2,11.4,29.7,12.5,29.4,
Madrigal, Nick,663611,2021,24,190,204,57,43,8,4,2,16,10,7.8,4.9,.300,.416,.343,.759,.263,.328,.331,.288,.312,.065,85.1,1.9,26.9,1.1,8.3,
Larnach, Trevor,663616,2021,24,66,82,17,9,5,0,3,22,13,26.8,15.9,.258,.470,.402,.872,.256,.507,.367,.390,.395,.250,90.5,15.9,45.7,17.4,37.2,
Mountcastle, Ryan,663624,2021,24,192,204,47,27,11,1,8,64,7,31.4,3.4,.245,.438,.275,.712,.228,.427,.304,.299,.264,.199,88.9,13.3,38.2,10.7,35.7,
Tucker, Kyle,663656,2021,24,208,233,53,30,11,1,11,38,20,16.3,8.6,.255,.476,.318,.794,.314,.571,.338,.396,.375,.257,91.3,17.4,39.3,9.8,20.9,
India, Jonathan,663697,2021,25,138,166,36,25,4,2,5,33,18,19.9,10.8,.261,.428,.367,.795,.230,.414,.348,.331,.343,.184,86.6,10.6,25,10.2,27.3,
Grisham, Trent,663757,2021,25,136,154,41,26,7,2,6,40,18,26.0,11.7,.301,.515,.383,.898,.250,.416,.388,.330,.338,.166,90.8,15.7,29.2,6.3,27.8,
Stephenson, Tyler,663886,2021,25,119,135,31,22,6,0,3,26,13,19.3,9.6,.261,.387,.348,.735,.263,.414,.325,.334,.350,.152,88.7,7.3,32.3,7.5,19.4,
Lowe, Nate,663993,2021,26,216,252,52,37,7,0,8,72,34,28.6,13.5,.241,.384,.345,.729,.241,.446,.326,.343,.345,.206,91,6.3,35.9,12.4,30,
Happ, Ian,664023,2021,27,156,184,29,19,4,0,6,54,24,29.3,13.0,.186,.327,.304,.631,.222,.376,.289,.319,.336,.154,90.2,6.2,28.2,9.7,33.1,
France, Ty,664034,2021,27,180,205,45,28,14,0,3,40,18,19.5,8.8,.250,.378,.337,.714,.243,.397,.318,.327,.334,.153,88.4,13.3,36.2,9.2,21,
Lowe, Brandon,664040,2021,27,195,227,37,21,6,0,10,71,26,31.3,11.5,.190,.374,.300,.674,.229,.454,.302,.338,.337,.226,89.2,13.8,35.2,12.5,35.7,
Bader, Harrison,664056,2021,27,73,83,16,10,2,0,4,13,9,15.7,10.8,.219,.411,.301,.712,.238,.427,.286,.302,.320,.189,85.6,17.1,24.6,6.6,21.3,
Stevenson, Andrew,664057,2021,27,89,100,21,17,2,0,2,31,6,31.0,6.0,.236,.326,.290,.616,.245,.371,.278,.302,.308,.126,88.4,5.4,26.2,4.9,28.9,
Fletcher, David,664058,2021,27,213,227,55,48,6,1,0,26,10,11.5,4.4,.258,.296,.286,.582,.266,.308,.261,.270,.298,.041,81.9,8.4,31.4,0,9.2,
Haggerty, Sam,664059,2021,27,86,94,16,11,3,0,2,28,6,29.8,6.4,.186,.291,.245,.535,.219,.375,.242,.287,.278,.156,87.5,7.6,35.6,5.1,31.1,
Moore, Dylan,664238,2021,29,119,137,20,8,7,0,5,43,16,31.4,11.7,.168,.353,.270,.623,.205,.356,.277,.294,.303,.152,86.7,16.7,32.5,11.7,28,
Garlick, Kyle,664247,2021,29,88,93,22,9,8,0,5,28,3,30.1,3.2,.250,.511,.280,.791,.264,.561,.331,.366,.309,.297,89.2,20,38.1,14.3,30.3,
Straw, Myles,664702,2021,27,187,211,46,38,7,1,0,40,19,19.0,9.0,.246,.294,.318,.612,.254,.320,.275,.292,.328,.065,86,8.4,43.4,0.7,12.9,
Bohm, Alec,664761,2021,25,203,220,43,32,7,0,4,62,13,28.2,5.9,.212,.305,.255,.560,.259,.418,.247,.312,.301,.159,92,4.6,36.6,8.3,26.4,
Tom, Ka'ai,664789,2021,27,72,92,12,9,1,0,2,23,12,25.0,13.0,.167,.264,.315,.579,.201,.314,.271,.316,.351,.113,84,9.5,30.2,5.7,31.6,
Mendick, Danny,664901,2021,28,55,64,11,9,0,0,2,17,8,26.6,12.5,.200,.309,.297,.606,.221,.321,.279,.288,.320,.100,82.9,18.1,35.9,2.6,23.7,
Brown, Seth,664913,2021,29,119,131,23,10,5,0,8,35,12,26.7,9.2,.193,.437,.267,.704,.234,.479,.304,.333,.304,.245,88.2,17,36.9,13.1,31.4,
Walsh, Jared,665120,2021,28,202,222,61,35,12,1,13,55,16,24.8,7.2,.302,.564,.360,.925,.269,.457,.391,.337,.331,.189,89.3,7,37.2,12.2,26.7,
Maton, Nick,665155,2021,24,102,108,26,18,6,0,2,35,5,32.4,4.6,.255,.373,.296,.669,.230,.359,.294,.275,.272,.129,88.2,16.4,35.8,7.5,31.6,
Tatis Jr., Fernando,665487,2021,22,151,177,45,19,9,0,17,44,22,24.9,12.4,.298,.695,.379,1.074,.297,.661,.436,.427,.381,.365,92.8,10.9,32.4,18.9,32.5,
Guerrero Jr., Vladimir,665489,2021,22,201,239,68,38,11,1,18,34,33,14.2,13.8,.338,.672,.439,1.111,.315,.608,.462,.430,.420,.293,94.7,7.7,32.7,14.9,27.4,
Pache, Cristian,665506,2021,23,63,68,7,3,3,0,1,25,2,36.8,2.9,.111,.206,.147,.353,.151,.246,.160,.196,.190,.095,81.7,8,20,5,37,
Soto, Juan,665742,2021,23,152,185,42,31,4,0,7,26,32,14.1,17.3,.276,.441,.400,.841,.317,.574,.363,.431,.441,.256,92.3,4.6,30.5,11.7,20.7,
Taveras, Leody,665750,2021,23,46,50,4,4,0,0,0,23,3,46.0,6.0,.087,.087,.160,.247,.157,.228,.127,.208,.224,.071,88.9,-0.5,13,4.3,30.1,
Chisholm Jr. Jr., Jazz,665862,2021,23,122,135,33,20,5,1,7,45,11,33.3,8.1,.270,.500,.333,.833,.220,.409,.353,.304,.289,.189,88.1,11.1,29.6,12.3,32.8,
Gimenez, Andres,665926,2021,23,78,85,14,8,4,0,2,25,3,29.4,3.5,.179,.308,.224,.531,.183,.283,.235,.230,.230,.100,86.2,11.6,18.2,5.5,36.1,
Kirilloff, Alex,666135,2021,24,100,106,24,14,6,0,4,28,5,26.4,4.7,.240,.420,.274,.694,.294,.586,.295,.379,.324,.292,92.7,8.1,41.1,15.1,31.1,
Lux, Gavin,666158,2021,24,169,185,41,28,6,2,5,42,13,22.7,7.0,.243,.391,.297,.688,.265,.432,.297,.324,.319,.167,88.9,11.9,37.2,6.2,25.1,
Bichette, Bo,666182,2021,23,229,247,60,36,12,1,11,64,15,25.9,6.1,.262,.467,.312,.779,.259,.478,.335,.337,.309,.219,91.1,4.7,31.9,13.3,26.2,
Carlson, Dylan,666185,2021,23,202,234,56,39,9,2,6,55,24,23.5,10.3,.277,.431,.359,.790,.248,.390,.344,.319,.336,.142,89.3,14.7,40.4,5.3,28.4,
Trammell, Taylor,666211,2021,24,100,113,18,8,5,0,5,45,11,39.8,9.7,.180,.380,.265,.645,.165,.311,.285,.254,.255,.145,85.1,11.7,30.4,8.9,41.4,
Dalbec, Bobby,666915,2021,26,147,157,30,15,8,1,6,56,9,35.7,5.7,.204,.395,.255,.649,.223,.474,.274,.315,.271,.251,90.8,17,39.6,17.6,40.1,
Garcia, Adolis,666969,2021,28,194,206,54,34,3,1,16,58,10,28.2,4.9,.278,.552,.316,.867,.270,.542,.368,.366,.312,.273,92,12.1,34.3,16.8,32.9,
Gurriel Jr., Lourdes,666971,2021,28,191,201,50,36,9,0,5,41,5,20.4,2.5,.262,.387,.279,.666,.246,.380,.288,.283,.269,.134,88.1,11,29.2,6.5,25.1,
Arozarena, Randy,668227,2021,26,213,243,54,37,10,0,7,68,24,28.0,9.9,.254,.399,.342,.741,.207,.331,.325,.283,.299,.124,91.3,6.6,23.6,6.1,35.7,
Baddoo, Akil,668731,2021,23,106,125,25,10,6,4,5,46,17,36.8,13.6,.236,.509,.336,.845,.191,.396,.359,.311,.308,.206,84.8,13.7,40.6,12.5,39,
Knizner, Andrew,668800,2021,26,72,81,15,11,4,0,0,17,7,21.0,8.6,.208,.264,.296,.560,.208,.291,.254,.263,.296,.084,85.4,12.1,32.7,1.8,21,
Reynolds, Bryan,668804,2021,26,196,228,56,32,17,0,7,51,29,22.4,12.7,.286,.480,.386,.866,.278,.506,.385,.379,.381,.228,88.4,11.2,33.8,10.8,27.4,
Rojas, Josh,668942,2021,27,177,202,48,28,12,1,7,49,22,24.3,10.9,.271,.469,.347,.815,.246,.418,.346,.326,.327,.172,89.8,9.1,40.9,7.6,25.6,
Murphy, Sean,669221,2021,27,158,180,35,17,12,0,6,48,14,26.7,7.8,.222,.411,.311,.723,.230,.453,.317,.335,.320,.223,90.8,13.1,33.3,12.6,30.6,
Senzel, Nick,669222,2021,26,111,124,28,23,4,0,1,16,12,12.9,9.7,.252,.315,.323,.638,.307,.440,.288,.354,.372,.133,88.9,10.5,33.3,4.2,17.8,
Edman, Tommy,669242,2021,26,245,265,67,47,14,2,4,29,16,10.9,6.0,.273,.396,.325,.720,.271,.404,.316,.321,.324,.133,86.7,8.6,27.6,4.1,13.2,
Solak, Nick,669256,2021,26,224,251,54,35,9,2,8,66,16,26.3,6.4,.241,.406,.315,.721,.246,.425,.316,.324,.319,.179,90.2,11,34.4,9.4,30.4,
Smith, Will,669257,2021,26,149,177,41,25,10,1,5,32,21,18.1,11.9,.275,.456,.373,.829,.266,.456,.357,.366,.374,.190,89.6,18.4,35,9.2,17,
Espinal, Santiago,669289,2021,27,67,70,15,10,4,1,0,13,3,18.6,4.3,.224,.313,.257,.571,.224,.306,.250,.250,.258,.082,82.3,7.8,37,1.9,20,
Hiura, Keston,669374,2021,25,103,117,13,7,4,1,1,45,8,38.5,6.8,.126,.214,.214,.427,.161,.300,.201,.245,.248,.139,90.7,19.4,32.8,9.8,46.9,
Hays, Austin,669720,2021,26,123,137,31,18,6,2,5,27,10,19.7,7.3,.252,.455,.314,.769,.235,.500,.335,.341,.303,.265,90.2,14.1,27.6,13.3,24.9,
Lopez, Nicky,670032,2021,26,140,169,32,23,6,3,0,22,21,13.0,12.4,.229,.314,.320,.634,.212,.272,.292,.278,.319,.061,87.2,3.6,24.8,0,12.7,
Raley, Luke,670042,2021,27,44,50,8,6,1,0,1,16,2,32.0,4.0,.182,.273,.280,.553,.226,.475,.249,.337,.319,.249,91.5,6.3,39.3,14.3,38.5,
Rojas, Jose,670351,2021,28,121,130,23,8,12,0,3,35,8,26.9,6.2,.190,.364,.246,.610,.202,.364,.266,.270,.257,.162,89.8,18.7,32.6,7,26.7,
Alvarez, Yordan,670541,2021,24,172,185,52,31,13,1,7,50,6,27.0,3.2,.302,.512,.341,.852,.270,.505,.355,.352,.316,.235,90.8,12.5,38.9,12.7,22,
Brosseau, Mike,670712,2021,27,110,122,19,9,6,0,4,46,10,37.7,8.2,.173,.336,.254,.590,.176,.311,.261,.254,.256,.135,89.7,20.5,32.3,9.2,31.9,
Kelenic, Jarred,672284,2021,22,83,92,8,4,2,0,2,26,8,28.3,8.7,.096,.193,.185,.378,.184,.327,.178,.263,.263,.143,87.6,16.8,22.8,7,22,
Robert, Luis,673357,2021,24,95,103,30,19,9,1,1,28,7,27.2,6.8,.316,.463,.359,.822,.259,.433,.355,.324,.312,.174,89.1,12.5,42.6,10.3,32.6,
Kim, Ha-Seong,673490,2021,26,140,153,28,18,5,2,3,36,8,23.5,5.2,.200,.329,.255,.583,.203,.300,.256,.252,.260,.097,87.4,13.9,29.2,3.8,22.5,
McCormick, Chas,676801,2021,26,67,81,13,6,3,0,4,23,8,28.4,9.9,.194,.418,.284,.702,.204,.429,.296,.313,.298,.225,89.9,20.6,39.2,11.8,35.4,
Vaughn, Andrew,683734,2021,23,141,162,32,16,12,0,4,45,15,27.8,9.3,.227,.397,.315,.712,.231,.438,.313,.330,.320,.207,91.9,9.2,34.7,12.2,32,